{
  "project_info": {
    "project_number": "368937604937",
    "firebase_url": "https://healthkangaroouser-default-rtdb.firebaseio.com",
    "project_id": "healthkangaroouser",
    "storage_bucket": "healthkangaroouser.appspot.com"
  },
  "client": [
    {
      "client_info": {
        "mobilesdk_app_id": "1:368937604937:android:2ff87e2848b7e167b96c98",
        "android_client_info": {
          "package_name": "com.expert.healthkangaroo"
        }
      },
      "oauth_client": [
        {
          "client_id": "368937604937-jv3gtdfsln5q2nbo1saq7cdqup820m9h.apps.googleusercontent.com",
          "client_type": 1,
          "android_info": {
            "package_name": "com.expert.healthkangaroo",
            "certificate_hash": "727f3f14f0fe408412b7990a364f0c5976bb2701"
          }
        },
        {
          "client_id": "368937604937-l1hfr7i80ecat97v0ksju2moji9tt09l.apps.googleusercontent.com",
          "client_type": 3
        }
      ],
      "api_key": [
        {
          "current_key": "AIzaSyCbW2o2I88jZq6jvi62RRtURqTaYPPpIdw"
        }
      ],
      "services": {
        "appinvite_service": {
          "other_platform_oauth_client": [
            {
              "client_id": "368937604937-l1hfr7i80ecat97v0ksju2moji9tt09l.apps.googleusercontent.com",
              "client_type": 3
            }
          ]
        }
      }
    },
    {
      "client_info": {
        "mobilesdk_app_id": "1:368937604937:android:9e68cd38af9c3c21b96c98",
        "android_client_info": {
          "package_name": "com.expert.healthkangaroodriver"
        }
      },
      "oauth_client": [
        {
          "client_id": "368937604937-aemgbsj8mrtevk1d4gu7dbgdp8ua4tj2.apps.googleusercontent.com",
          "client_type": 1,
          "android_info": {
            "package_name": "com.expert.healthkangaroodriver",
            "certificate_hash": "b5363ad80e31f4281a2bcb3a1801308781d970a4"
          }
        },
        {
          "client_id": "368937604937-l1hfr7i80ecat97v0ksju2moji9tt09l.apps.googleusercontent.com",
          "client_type": 3
        }
      ],
      "api_key": [
        {
          "current_key": "AIzaSyCbW2o2I88jZq6jvi62RRtURqTaYPPpIdw"
        }
      ],
      "services": {
        "appinvite_service": {
          "other_platform_oauth_client": [
            {
              "client_id": "368937604937-l1hfr7i80ecat97v0ksju2moji9tt09l.apps.googleusercontent.com",
              "client_type": 3
            }
          ]
        }
      }
    },
    {
      "client_info": {
        "mobilesdk_app_id": "1:368937604937:android:1cdf8d16be794a68b96c98",
        "android_client_info": {
          "package_name": "com.healthkangaroo.provider"
        }
      },
      "oauth_client": [
        {
          "client_id": "368937604937-5pm7i5ot5cnt267l6kple3s7nv4q0gol.apps.googleusercontent.com",
          "client_type": 1,
          "android_info": {
            "package_name": "com.healthkangaroo.provider",
            "certificate_hash": "b5363ad80e31f4281a2bcb3a1801308781d970a4"
          }
        },
        {
          "client_id": "368937604937-l1hfr7i80ecat97v0ksju2moji9tt09l.apps.googleusercontent.com",
          "client_type": 3
        }
      ],
      "api_key": [
        {
          "current_key": "AIzaSyCbW2o2I88jZq6jvi62RRtURqTaYPPpIdw"
        }
      ],
      "services": {
        "appinvite_service": {
          "other_platform_oauth_client": [
            {
              "client_id": "368937604937-l1hfr7i80ecat97v0ksju2moji9tt09l.apps.googleusercontent.com",
              "client_type": 3
            }
          ]
        }
      }
    }
  ],
  "configuration_version": "1"
}